id,speed
0,47.81157359
1,47.01920639
2,40.67570654
3,29.21920428
4,32.46173207
5,25.16152494
6,23.60865165
7,48.35166418
8,48.31871478
9,32.80828781
10,30.58695908
11,23.53410915
12,21.76831918
13,22.04795
14,27.78592923
15,37.94629667
16,44.6922741
17,45.01788158
18,49.01570194
19,48.58413994
20,46.67681615
21,45.75454063
22,21.56682348
23,24.04961195
24,26.87077708
25,21.82206123
26,23.66573679
27,22.23044261
28,21.12922949
29,18.01641058
30,27.81895518
31,44.22035653
32,48.49337276
33,37.07147143
34,25.37115271
35,25.11960054
36,24.99667635
37,22.46242461
38,40.4649862
39,41.48650023
40,40.74122263
41,45.52853106
42,46.79683137
43,42.7725892
44,35.44344714
45,28.6988535
46,26.90216551
47,18.84955811
48,40.33801221
49,49.32544276
50,49.91843614
51,24.01557466
52,24.53166144
53,21.56129542
54,22.23095059
55,21.67300091
56,14.61415714
57,16.63304316
58,25.08622115
59,42.65126569
60,20.69749194
61,27.72585946
62,24.34182801
63,25.76044533
64,38.98062371
65,47.3186528
66,47.40524621
67,46.93157823
68,46.88807445
69,34.64765403
70,31.85907229
71,30.65958018
72,33.51496247
73,28.89894917
74,29.63562837
75,17.67755728
76,41.70355067
77,39.33842105
78,42.77099224
79,47.26863823
80,20.92691525
81,20.51798907
82,22.95473867
83,19.11429583
84,16.29440414
85,12.50425483
86,17.89890811
87,36.10570771
88,40.93024006
89,43.58386241
90,48.72603567
91,49.02308024
92,49.03606351
93,45.53209757
94,35.99256993
95,27.61190016
96,21.28509152
97,13.8201481
98,16.97816179
99,31.81039503
100,40.25933009
101,47.84988556
102,31.13885301
103,20.15351819
104,15.57788516
105,40.07508445
106,36.80760774
107,49.19466964
108,41.72379614
109,30.46860479
110,23.69263271
111,28.73140421
112,26.17405696
113,37.12214687
114,38.88789539
115,48.36522231
116,46.65864325
117,39.97988537
118,28.07824153
119,18.46586925
120,19.77798795
121,17.15078079
122,32.74514328
123,47.30256441
124,45.92687762
125,37.76057637
126,27.8340849
127,29.11189909
128,36.68807708
129,35.48242268
130,47.79217372
131,47.25765531
132,45.48108534
133,25.15906962
134,23.7501935
135,22.09588277
136,36.4823654
137,41.86305987
138,48.21358924
139,48.144135
140,45.54053598
141,44.41806208
142,28.45777991
143,18.17037771
144,21.77098131
145,20.06600063
146,19.01028612
147,48.73986809
148,47.58770467
149,47.56089146
150,48.28882722
151,19.66689694
152,17.11174168
153,15.18145247
154,13.03201785
155,27.4298721
156,36.11688957
157,41.05405395
158,41.7453237
159,43.22377523
160,49.56392158
161,48.43358226
162,47.63996819
163,47.6294196
164,40.88017981
165,27.63487927
166,16.79256606
167,16.30289513
168,15.40465785
169,14.30107753
170,11.93787585
171,10.43388199
172,41.99321843
173,46.90703252
174,46.16076244
175,31.63350882
176,19.74157519
177,19.38946391
178,18.57654036
179,13.90852224
180,40.77975456
181,48.82608831
182,48.41959796
183,47.67587172
184,31.81760045
185,15.16625968
186,11.88522716
187,31.10624895
188,32.07252183
189,49.99730322
190,43.60380435
191,36.86315305
192,29.85852767
193,25.64788985
194,23.05804307
195,19.2455267
196,22.72321332
197,33.2946313
198,34.96116936
199,47.22635442
200,46.6181906
201,35.17837258
202,17.88317161
203,18.11445696
204,17.4482461
205,16.735206
206,30.96030776
207,40.21315425
208,48.55263767
209,47.29641728
210,46.56965815
211,46.62830092
212,35.17837258
213,18.43321766
214,19.67614539
215,22.23644364
216,13.99383838
217,21.27694507
218,40.56695311
219,48.38617317
220,47.18914821
221,45.63830834
222,30.30775874
223,21.21792344
224,12.12007631
225,26.92088904
226,43.18934218
227,48.70755925
228,18.73026233
229,23.77180235
230,20.61993547
231,16.72611597
232,41.11112399
233,49.22857776
234,46.526583
235,25.44005068
236,28.03105525
237,23.296749
238,25.87669594
239,41.36682393
240,40.14775001
241,39.12011557
242,47.98050377
243,47.75009767
244,47.81844402
245,47.82300806
246,31.7215108
247,26.95544394
248,24.08846445
249,19.90070939
250,18.58928357
251,32.72389575
252,38.70822384
253,35.18765446
254,37.19618644
255,46.19752813
256,47.19498351
257,46.29018597
258,44.2299887
259,34.61128373
260,30.6716248
261,29.52976595
262,33.72024445
263,37.86092026
264,33.42308588
265,35.33742834
266,47.96782659
267,41.72515494
268,24.542665
269,24.62906572
270,19.57984273
271,19.86280006
272,16.63979352
273,16.7157139
274,44.64636515
275,47.70319257
276,47.40475183
277,46.63841834
278,33.06967647
279,27.16796309
280,22.20978678
281,24.19050401
282,21.38798782
283,22.12567103
284,20.92281725
285,19.4887398
286,47.81373773
287,47.81373773
288,24.40694842
289,18.21563864
290,19.83257887
291,20.92342632
292,27.93970796
293,31.59039303
294,42.13811137
295,47.19973118
296,47.70688471
297,33.28021119
298,25.06882713
299,27.02865301
300,24.13547498
301,22.6379501
302,28.90535876
303,41.03530969
304,42.35898245
305,48.90598253
306,49.12650405
307,48.3711794
308,46.2131158
309,35.8513698
310,22.36095347
311,15.06937963
312,43.44076035
313,43.70548338
314,41.98111647
315,49.41859309
316,45.30637143
317,42.97431512
318,40.96760725
319,38.65519825
320,45.20408305
321,46.51889816
322,47.42466415
323,45.53598198
324,41.36405664
325,28.84517786
326,33.39508452
327,28.07512817
328,30.85164431
329,29.0681617
330,28.88795407
331,33.05142306
332,39.12165614
333,40.05652015
334,37.76211934
335,40.52750361
336,46.87081682
337,46.78115153
338,35.97391428
339,38.57441538
340,37.27287159
341,27.07477749
342,41.72035674
343,41.60639639
344,48.75677247
345,48.82927405
346,46.66605451
347,20.32389447
348,42.25238059
349,49.34052473
350,47.39015515
351,46.9286285
352,27.90257396
353,19.68462096
354,23.68381628
355,17.59145756
356,16.91094044
357,21.89402228
358,28.19766487
359,42.95045775
360,44.02717218
361,48.74823548
362,19.77113332
363,25.37418612
364,22.35682971
365,18.9341955
366,12.94339069
367,16.70747882
368,41.14761439
369,48.21897829
370,46.81291785
371,47.26893261
372,47.13940439
373,19.73930294
374,22.20278835
375,11.58933043
376,23.49134299
377,43.92112513
378,42.45981056
379,49.11044338
380,26.66858198
381,18.65747453
382,15.44854483
383,35.34604674
384,48.84919797
385,47.94462641
386,47.91268221
387,32.41190663
388,28.35120457
389,24.73061911
390,21.35979419
391,38.71535228
392,47.35906992
393,47.46549104
394,46.62004379
395,35.683442
396,34.02840083
397,34.52192678
398,29.8140282
399,30.76026841
400,24.04825139
401,37.68847162
402,39.17023194
403,47.9560134
404,46.34305459
405,44.97215428
406,27.01325061
407,16.86246006
408,17.5263686
409,23.31154331
410,20.72328286
411,18.99819331
412,40.6991413
413,42.64098013
414,44.78232698
415,49.99636206
416,49.19340148
417,47.85538149
418,46.97671913
419,29.09763387
420,19.19114438
421,15.07162082
422,42.59710575
423,43.52287396
424,49.00663527
425,48.62058659
426,41.81740636
427,28.55749863
428,23.19415699
429,32.67690999
430,38.90900432
431,48.22350018
432,48.27246748
433,44.46202036
434,24.67378545
435,30.22532599
436,26.42671904
437,19.78581685
438,48.08329398
439,47.56615926
440,47.82688613
441,33.46651593
442,27.30431686
443,26.38852221
444,27.30145684
445,29.74273003
446,34.23421631
447,37.81302052
448,47.16271024
449,45.78578213
450,44.84808947
451,35.89756288
452,31.16640841
453,35.67125334
454,36.88850252
455,35.80730754
456,40.91160855
457,37.4673638
458,48.04367615
459,48.12116868
460,31.00565862
461,20.56234258
462,21.013554
463,21.09094119
464,23.50891446
465,34.69317008
466,47.34898694
467,48.61679889
468,47.19468195
469,44.68083056
470,20.45981943
471,23.00734848
472,23.43157011
473,18.37726804
474,13.68476436
475,23.42344012
476,47.32619705
477,39.82001006
478,26.23583938
479,23.83553066
480,25.36166135
481,15.38197016
482,20.38452999
483,46.31314261
484,47.15793586
485,45.0135831
486,33.1657942
487,28.35454974
488,26.49657956
489,14.5326286
490,18.79029674
491,40.51322628
492,42.52797819
493,47.40312861
494,47.40749415
495,47.37439526
496,22.21328834
497,24.09662515
498,38.48519516
499,48.09240725
500,48.55736053
501,48.04084611
502,47.43791569
503,46.33714806
504,29.41297545
505,23.63952778
506,20.51865569
507,22.16814113
508,25.59985166
509,43.39938218
510,47.28901357
511,46.90532167
512,45.21426252
513,44.43457249
514,38.56453805
515,36.67317996
516,37.39237424
517,38.68113416
518,48.00996171
519,47.50321073
520,17.7369108
521,23.38008268
522,20.31243296
523,17.90633099
524,18.54967002
525,42.16683507
526,48.46556745
527,47.94047866
528,47.72094721
529,30.33855247
530,18.56470168
531,20.16710932
532,14.87030841
533,17.40487034
534,16.88416512
535,47.54114616
536,32.67097573
537,17.52081656
538,17.76532493
539,17.30544162
540,13.56550204
541,16.63032857
542,38.87254472
543,38.32577338
544,47.73848285
545,43.16600061
546,19.69362208
547,28.8055682
548,25.18072714
549,23.60751618
550,18.45473176
551,39.10463474
552,39.65565076
553,47.69450843
554,48.88598573
555,45.52670988
556,33.79011799
557,23.0337899
558,24.68999283
559,26.00394117
560,23.31094367
561,17.81489019
562,21.67449214
563,22.75272111
564,25.93187432
565,21.89024994
566,40.83747575
567,40.64961549
568,41.14088847
569,49.49693359
570,48.0182412
571,25.84708184
572,36.35415574
573,46.40551873
574,47.67216381
575,48.17050012
576,47.21875946
577,37.14724513
578,30.66676989
579,34.16616195
580,38.4835591
581,39.22396019
582,48.76349918
583,48.5335364
584,31.92204992
585,32.624002
586,37.2179394
587,33.44509094
588,26.64870214
589,31.29547811
590,29.45635684
591,24.48312577
592,44.47176657
593,47.95126851
594,47.59035898
595,46.90237269
596,43.81016946
597,22.69085744
598,24.75683046
599,19.28241189
600,14.73220275
601,48.5325415
602,47.50629585
603,42.42038531
604,21.91333529
605,18.37641216
606,35.93079107
607,44.07718255
608,49.01853441
609,48.78655864
610,48.43277276
611,46.96413872
612,40.56841345
613,17.503147
614,28.64168811
615,23.43726835
616,30.69816777
617,19.91072343
618,19.58073803
619,29.59687963
620,38.51686587
621,49.28551431
622,47.93165475
623,48.29761318
624,45.55756405
625,35.75200952
626,21.75328975
627,27.77351905
628,28.5143602
629,22.94007526
630,33.55588542
631,49.16812324
632,47.01222459
633,42.04208282
634,27.82693141
635,22.48938148
636,19.71377944
637,47.8036798
638,48.6225956
639,47.00011913
640,30.53847333
641,30.19031007
642,27.8660439
643,21.21524053
644,23.67589947
645,38.89653241
646,39.2502853
647,47.29029143
648,47.74486612
649,48.40846011
650,43.5530104
651,17.65779539
652,15.53325765
653,14.50815144
654,24.29641934
655,48.12047197
656,48.80170483
657,47.86910028
658,47.82594034
659,47.16921775
660,45.94211606
661,16.51046381
662,27.24118198
663,19.90859887
664,16.52663301
665,18.99418888
666,18.45366192
667,14.21204596
668,41.726327
669,41.81297506
670,44.65981235
671,47.49753374
672,41.68331171
673,27.0124682
674,19.3516424
675,30.52580439
676,49.29014389
677,47.96453107
678,47.64617866
679,24.47527981
680,27.67685796
681,23.54794757
682,23.76427842
683,19.91662269
684,40.70441337
685,47.60129286
686,47.35435199
687,46.55003218
688,46.87912666
689,26.10961462
690,22.48462368
691,25.71751659
692,19.14098113
693,20.80594822
694,48.56396968
695,48.46661382
696,41.81577991
697,26.31359469
698,27.46748527
699,25.39137258
700,23.36003695
701,18.43480102
702,37.06553725
703,46.62278611
704,47.34678694
705,47.53490993
706,48.42788768
707,45.38821807
708,42.49522215
709,30.9062437
710,27.86446473
711,28.16355133
712,31.24263338
713,34.91511151
714,36.78120598
715,43.48637815
716,39.00216463
717,38.29975715
718,47.92248551
719,26.15298422
720,15.75833975
721,16.07508666
722,16.98152598
723,41.72541731
724,42.95685052
725,47.46198682
726,47.25121481
727,24.97431081
728,18.35348294
729,16.49125058
730,13.00314853
731,42.73848539
732,48.46786084
733,48.3531281
734,40.35246168
735,21.54255009
736,23.44033511
737,21.32552433
738,14.9914849
739,13.35874421
740,30.84706509
741,42.09036242
742,46.49513568
743,48.54591826
744,48.06611464
745,24.40681783
746,19.87150375
747,28.07228744
748,22.81016602
749,24.07710429
750,25.17861668
751,17.8056109
752,41.13149891
753,47.71485171
754,48.12075349
755,47.04432387
756,45.14761175
757,18.57086722
758,22.18114323
759,20.63522717
760,18.3722461
761,14.92011926
762,25.36192127
763,41.05642186
764,38.82626396
765,38.3500091
766,48.77252508
767,48.90251866
768,41.78201326
769,22.62139728
770,18.85847063
771,23.87422299
772,31.77971854
773,45.81696953
774,47.1931701
775,47.30605238
776,46.60175361
777,46.04864207
778,30.62712756
779,38.63096886
780,48.58352122
781,48.09294963
782,48.52287842
783,20.29905422
784,17.26283461
785,23.68715948
786,18.82944476
787,16.05999785
788,17.35606457
789,35.54975095
790,47.91714852
791,48.76339779
792,46.42545048
793,47.25811975
794,24.18844737
795,26.47467803
796,21.42488801
797,14.58422171
798,29.63715988
799,46.83715488
800,34.42951605
801,21.67583063
802,19.80794198
803,16.40017287
804,16.32099467
805,14.4102731
806,33.29302933
807,41.2673028
808,48.38731626
809,47.96138053
810,48.14924235
811,46.91733896
812,35.18502116
813,25.18333289
814,18.72593489
815,19.96779406
816,18.03771393
817,41.32375217
818,39.27356585
819,48.25067418
820,46.88665088
821,24.64241951
822,21.74758928
823,22.62455581
824,15.82550475
825,17.42809394
826,48.83093877
827,47.89500651
828,31.47229301
829,27.93958824
830,23.2839481
831,26.15374917
832,33.33896509
833,38.40897721
834,47.78911266
835,48.97982072
836,39.88432498
837,26.76016067
838,42.6086027
839,39.24617665
840,47.98758425
841,47.59313787
842,47.1392182
843,29.15099378
844,27.70976631
845,28.16623705
846,29.46445126
847,42.47614487
848,49.02141503
849,49.04739542
850,48.72687897
851,25.22478823
852,27.32441663
853,26.01877228
854,24.92348143
855,26.35220851
856,23.55203012
857,40.99344136
858,44.22894964
859,48.15722381
860,46.75833196
861,47.0655056
862,34.19727236
863,30.05890063
864,30.2095918
865,25.72220596
866,28.11085533
867,42.85841317
868,42.2098326
869,48.16405564
870,46.77612402
871,26.78652331
872,23.67875062
873,19.41157424
874,42.6288314
875,43.44004289
876,47.94324755
877,47.51742215
878,46.87001083
879,25.21242875
880,18.65879109
881,25.5882886
882,32.83870015
883,39.08241641
884,37.97254416
885,49.32702979
886,48.81430714
887,47.05831913
888,47.58656784
889,47.30761853
890,34.58082737
891,26.99927686
892,19.84724553
893,16.53574909
894,37.98393427
895,48.08295807
896,21.15274884
897,24.67324846
898,23.10179143
899,21.59410269
900,39.14413004
901,48.03100664
902,47.65372408
903,30.6783972
904,26.37437459
905,31.43697542
906,27.23178826
907,19.51028329
908,21.01612679
909,17.60241828
910,35.12083727
911,38.18053135
912,47.83808461
913,47.88355045
914,46.43747089
915,22.33533228
916,23.82019144
917,18.53062857
918,19.65819697
919,16.06307676
920,47.68355605
921,47.61044401
922,46.5186753
923,34.65307193
924,29.06784902
925,34.70587138
926,16.01396441
927,22.57910578
928,20.52817532
929,17.57266325
930,33.31863588
931,37.96138562
932,42.26994978
933,48.3136347
934,19.95002152
935,18.84865987
936,15.29473086
937,18.11006871
938,16.15318836
939,17.06142456
940,42.85422301
941,48.78686222
942,48.03005407
943,47.62563183
944,46.7933234
945,32.42084095
946,19.64346531
947,28.16276561
948,28.18357476
949,20.41658844
950,41.75220729
951,47.75704165
952,48.39732245
953,45.72207107
954,38.8229842
955,29.08273031
956,36.10136108
957,26.4743752
958,38.425655
959,42.53011346
960,46.80816862
961,47.49380959
962,49.14589941
963,45.94755761
964,37.5546455
965,39.00301468
966,39.39042557
967,38.72584561
968,33.55311103
969,32.6680539
970,35.07722492
971,39.91217416
972,47.07462353
973,20.58646422
974,29.32772214
975,26.96381514
976,21.55084311
977,20.3669303
978,21.40904215
979,16.4519162
980,14.31715979
981,26.63953827
982,42.14513644
983,47.50280135
984,47.68024452
985,47.74306545
986,29.08192619
987,18.03866123
988,16.67843686
989,14.33832396
990,31.17037118
991,42.82418746
992,48.92975025
993,47.91042698
994,47.95065225
995,47.25952097
996,25.13683972
997,19.88985205
998,17.52775159
999,23.95192995
1000,18.61656356
1001,16.54397911
1002,16.75002597
1003,10.74824485
1004,21.38836414
1005,43.34603938
1006,47.95347114
1007,47.63429185
1008,42.51754982
1009,30.32277654
1010,19.45217142
1011,18.06059699
1012,13.35421674
1013,12.28303809
1014,41.84166896
1015,48.89987449
1016,47.42628889
1017,33.30303618
1018,20.64927089
1019,25.06557904
1020,17.26105159
1021,16.6204847
1022,11.51895989
1023,31.27781363
1024,43.4958275
1025,38.64062085
1026,47.57531226
1027,28.57696625
1028,21.30925157
1029,22.86913175
1030,31.32801404
1031,18.52440094
1032,17.94098296
1033,34.82900915
1034,39.93984517
1035,45.91432531
1036,48.1343896
1037,49.06204151
1038,43.72417886
1039,38.73598837
1040,35.36406931
1041,32.00978758
1042,25.88852274
1043,33.49817641
1044,42.89533528
1045,39.88901745
1046,39.46323322
1047,47.53470665
1048,47.30911126
1049,47.57878645
1050,26.91955513
1051,18.76567957
1052,16.47700113
1053,12.08797987
1054,44.89482232
1055,48.27408917
1056,47.80124246
1057,46.29614953
1058,40.47016316
1059,16.91138475
1060,18.51360736
1061,19.86155705
1062,11.37734886
1063,35.17618606
1064,43.17362174
1065,44.48222749
1066,48.5738002
1067,47.09311895
1068,47.97750168
1069,45.31209446
1070,45.31209446
1071,43.50141195
1072,15.58024019
1073,15.41771408
1074,11.99732716
1075,18.57148911
1076,27.85870149
1077,48.76170922
1078,41.29407288
1079,18.02079425
1080,14.8301462
1081,15.78612058
1082,15.32271559
1083,11.24666767
1084,42.62390904
1085,41.78321359
1086,44.67419113
1087,48.46134878
1088,17.46991732
1089,12.33570141
1090,35.77523002
1091,34.09812595
1092,48.78333112
1093,47.66551458
1094,45.6949938
1095,30.62090961
1096,17.89511448
1097,19.55801486
1098,14.05273523
1099,11.61679824
1100,17.40158632
1101,25.54167144
1102,35.09551247
1103,33.63181081
1104,29.67220781
1105,29.35743306
1106,46.93538994
1107,46.45163785
1108,43.8252173
1109,28.15266559
1110,20.77149851
1111,25.24416491
1112,30.6122382
1113,37.00786994
1114,41.24590126
1115,48.05802242
1116,48.18978475
1117,47.58458412
1118,28.31687426
1119,26.4140143
1120,34.98337815
1121,42.10877879
1122,41.72376021
1123,48.34233451
1124,44.60291047
1125,29.67761761
1126,33.27680098
1127,22.45823637
1128,28.68047705
1129,39.84401841
1130,41.04616584
1131,48.90214278
1132,46.91004314
1133,43.76866845
1134,30.18861117
1135,20.51334539
1136,24.38347336
1137,19.85370953
1138,19.973207
1139,17.83559344
1140,37.18302867
1141,38.62655353
1142,48.02327809
1143,48.81107674
1144,47.11990365
1145,29.53807922
1146,20.501151
1147,19.86226441
1148,46.03547536
1149,41.13398535
1150,25.44631273
1151,30.49959741
1152,31.15513924
1153,29.72250877
1154,27.49901405
1155,23.20332362
1156,20.87719577
1157,27.15359343
1158,41.49837867
1159,42.67058744
1160,46.40177062
1161,47.41983684
1162,47.98384863
1163,47.69238371
1164,23.1701939
1165,24.45557029
1166,15.46838166
1167,18.41797241
1168,48.28614687
1169,46.95449792
1170,42.09701322
1171,23.96545022
1172,23.40155678
1173,40.70552748
1174,38.31706538
1175,47.29141229
1176,47.88527217
1177,46.69270475
1178,29.41339478
1179,28.2931606
1180,25.36400412
1181,20.38672349
1182,21.70341995
1183,40.02766269
1184,39.21180818
1185,46.5299926
1186,47.5700674
1187,45.78059938
1188,29.88880405
1189,18.60202255
1190,22.90683857
1191,16.26070271
1192,33.82361965
1193,41.18149576
1194,47.1765349
1195,46.02528354
1196,45.34559368
1197,45.28874412
1198,29.68034176
1199,37.86483892
1200,48.60143458
1201,47.82856788
1202,40.24080467
1203,22.521668
1204,31.50387849
1205,26.90739395
1206,29.38748493
1207,17.01837801
1208,26.62330575
1209,38.41040406
1210,47.8184379
1211,42.20034411
1212,28.82913369
1213,26.35162854
1214,28.84837359
1215,31.33055864
1216,47.7900689
1217,48.02845648
1218,46.93473542
1219,30.71125671
1220,20.65082033
1221,19.88589021
1222,17.75631166
1223,16.77442901
1224,16.41463037
1225,12.52818394
1226,11.69158653
1227,30.46493905
1228,39.05528137
1229,42.79006854
1230,48.251188
1231,48.33460326
1232,29.79179125
1233,20.13806168
1234,20.15078111
1235,47.25686632
1236,21.31782999
1237,20.33675332
1238,19.14341065
1239,11.02842776
1240,20.46586442
1241,42.32272835
1242,41.77660035
1243,41.74359557
1244,47.88595374
1245,46.10150732
1246,19.83845618
1247,23.19496838
1248,24.66363773
1249,11.72738733
1250,44.12835528
1251,49.07881559
1252,47.2115946
1253,47.17912773
1254,22.63356595
1255,15.92889916
1256,15.95614809
1257,42.74818296
1258,48.32020592
1259,46.95045046
1260,47.30011243
1261,46.53984369
1262,22.85878801
1263,20.12946193
1264,18.22293767
1265,18.21829034
1266,16.94978072
1267,14.70462051
1268,25.46111049
1269,48.44693867
1270,47.9984094
1271,48.1171372
1272,42.28953566
1273,20.86228827
1274,22.36985103
1275,15.27754103
1276,19.10844971
1277,16.67880625
1278,16.03045443
1279,41.98383486
1280,42.36487215
1281,38.2967392
1282,48.21836186
1283,46.96536796
1284,41.86424319
1285,26.90572292
1286,28.82850496
1287,25.4336673
1288,17.79077773
1289,15.44092385
1290,36.71454698
1291,46.90960434
1292,47.15186679
1293,38.88021663
1294,26.83123919
1295,34.35841064
1296,28.76684719
1297,27.65087926
1298,42.45039921
1299,46.65661865
1300,42.14086685
1301,25.19902412
1302,24.36760556
1303,18.18447987
1304,24.25532247
1305,46.16595626
1306,46.46395722
1307,47.03626517
1308,46.45766276
1309,26.45130553
1310,21.27293843
1311,25.38209816
1312,20.48572016
1313,21.62918814
1314,13.39210272
1315,22.30369602
1316,35.85843556
1317,43.61389338
1318,43.96427241
1319,48.43406703
1320,47.24228418
1321,41.20341083
1322,20.17329916
1323,20.54318962
1324,22.58216938
1325,28.47181947
1326,47.92208401
1327,18.25969969
1328,18.3997693
1329,18.7082795
1330,16.57013311
1331,12.85393341
1332,17.13232529
1333,34.59511788
1334,42.1331847
1335,48.73661788
1336,46.8023396
1337,42.52749901
1338,20.56269695
1339,21.17152794
1340,18.87528236
1341,16.06960549
1342,48.48229711
1343,47.96983305
1344,39.58767452
1345,27.47342292
1346,22.08011807
1347,18.9759907
1348,21.55936274
1349,33.46719311
1350,41.17655561
1351,34.00614115
1352,32.64047555
1353,22.43419541
1354,33.34051213
1355,32.79462532
1356,35.26392551
1357,38.85514559
1358,47.6477204
1359,29.12348432
1360,20.27396798
1361,19.87403826
1362,16.27024659
1363,17.41550811
1364,16.62910201
1365,15.48046712
1366,20.06752188
1367,35.93696281
1368,48.10084041
1369,34.06843786
1370,25.35531631
1371,19.97629325
1372,14.60107001
1373,40.26686109
1374,48.50350891
1375,47.76055218
1376,47.51736949
1377,30.61271216
1378,24.46905037
1379,42.61651818
1380,42.1400045
1381,47.82810073
1382,18.3792196
1383,13.37545638
1384,32.14307136
1385,38.69066398
1386,35.42595909
1387,49.03340715
1388,48.03439022
1389,42.96232573
1390,30.8818807
1391,31.8697792
1392,29.65434023
1393,29.2327614
1394,33.4812229
1395,20.00466908
1396,38.40342616
1397,48.1343722
1398,47.93087283
1399,46.76203078
1400,31.33416295
1401,32.13434806
1402,46.63338943
1403,46.73322626
1404,47.07241313
1405,41.49886394
1406,28.76304328
1407,29.70710436
1408,25.97288396
1409,22.06844095
1410,25.76140305
1411,40.44100633
1412,46.89468323
1413,46.54343147
1414,19.3809881
1415,36.2943326
1416,43.53488641
1417,46.46229806
1418,46.39088695
1419,46.80464129
1420,20.80858368
1421,24.43166527
1422,27.12356027
1423,19.49835068
1424,14.85910688
1425,15.68659756
1426,17.10823334
1427,26.79444917
1428,39.05949625
1429,47.52076699
1430,47.12198403
1431,46.90667906
1432,46.38914574
1433,40.08624647
1434,18.50538329
1435,17.67394577
1436,22.98114232
1437,25.42284318
1438,19.91904833
1439,22.84610806
1440,38.15184776
1441,41.20420197
1442,47.08399391
1443,47.7106462
1444,43.28452415
1445,23.67204091
1446,18.48149716
1447,40.56294323
1448,46.82792204
1449,46.69173171
1450,40.9857189
1451,34.08007801
1452,26.37533549
1453,23.35631643
1454,20.86004933
1455,38.94074998
1456,38.58388927
1457,48.20991004
1458,47.51061229
1459,39.97686675
1460,25.16015784
1461,19.50901228
1462,16.8042836
1463,39.22085687
1464,47.28641076
1465,47.79611129
1466,47.9582142
1467,45.43497475
1468,25.08558392
1469,22.97092618
1470,24.21533795
1471,24.93623257
1472,48.12474618
1473,47.36811893
1474,23.58727769
1475,20.68579692
1476,22.75675197
1477,17.86579738
1478,39.73656572
1479,38.73452777
1480,47.678548
1481,47.58362235
1482,47.02531787
1483,30.71336505
1484,24.09547006
1485,20.63061695
1486,21.28671243
1487,17.24319968
1488,14.46705796
1489,9.320143235
1490,22.37876927
1491,39.45695577
1492,46.75925337
1493,47.11067676
1494,47.00958805
1495,38.0892049
1496,21.27433877
1497,19.23041108
1498,15.90858505
1499,13.12217215
1500,24.23849476
1501,33.12425904
1502,41.74012892
1503,48.03020167
1504,46.91309157
1505,36.91212075
1506,15.96019508
1507,19.14288909
1508,18.93411334
1509,14.96138465
1510,13.71297269
1511,11.07117493
1512,12.24564373
1513,31.12257207
1514,43.02605823
1515,42.26634241
1516,35.21734636
1517,19.6371436
1518,12.81333805
1519,29.88923414
1520,38.74927299
1521,46.29157058
1522,43.65202192
1523,24.02057405
1524,26.65940459
1525,25.2266278
1526,21.41807233
1527,13.52959262
1528,32.02305034
1529,34.9109966
1530,46.05846021
1531,45.47007459
1532,30.94252548
1533,27.5427906
1534,35.10679416
1535,36.03014412
1536,34.9633224
1537,46.85941754
1538,45.23071735
1539,45.38164328
1540,46.57163654
1541,43.75602659
1542,23.44062458
1543,23.0217722
1544,22.22240005
1545,17.99486604
1546,14.13959328
1547,37.76115248
1548,47.38212331
1549,46.98201955
1550,45.86965842
1551,45.30983179
1552,23.76816987
1553,20.54975441
1554,17.30102213
1555,19.50418949
1556,15.82693132
1557,20.83611504
1558,41.84301096
1559,47.64217113
1560,47.41698807
1561,47.5900288
1562,47.39357545
1563,15.25203448
1564,18.2997001
1565,13.00554273
1566,12.75838092
1567,29.41388435
1568,42.03495538
1569,48.39086389
1570,20.66939126
1571,22.3664414
1572,14.02943432
1573,13.05593117
1574,12.82962815
1575,23.25915436
1576,36.90806859
1577,42.2239973
1578,47.60488663
1579,47.18056775
1580,47.95329311
1581,39.62383978
1582,22.81181685
1583,19.23580782
1584,14.40728289
1585,17.93566173
1586,30.24747192
1587,37.23261032
1588,37.19086334
1589,35.80930998
1590,47.59602996
1591,46.48392123
1592,46.60693388
1593,32.40387505
1594,25.52476175
1595,24.59395448
1596,12.15137439
1597,29.51916061
1598,32.49630317
1599,38.02095803
1600,46.11774692
1601,45.42784247
1602,45.06730219
1603,45.50175677
1604,35.93282843
1605,26.83906837
1606,29.4589698
1607,23.79307187
1608,36.30159432
1609,46.88135354
1610,47.44948684
1611,46.03666835
1612,44.8393828
1613,24.7688202
1614,17.72218089
1615,17.55441139
1616,15.58272721
1617,31.54749335
1618,41.15869014
1619,48.2914667
1620,47.69754702
1621,47.00197358
1622,46.76379498
1623,45.85702219
1624,33.01900538
1625,26.1948348
1626,21.21016141
1627,24.15830025
1628,25.15693422
1629,17.72218089
1630,13.37195142
1631,48.15040146
1632,47.19139716
1633,47.39149195
1634,46.99343241
1635,46.73787636
1636,37.54706168
1637,13.25550899
1638,18.96355609
1639,22.45381923
1640,17.39674689
1641,11.53972354
1642,24.07728312
1643,33.54311648
1644,42.06157657
1645,47.73579887
1646,47.80947282
1647,46.83356423
1648,17.99867002
1649,18.40509606
1650,17.12531526
1651,17.22181534
1652,10.69318597
1653,28.07696484
1654,38.64241453
1655,40.07625358
1656,47.46137932
1657,40.47478121
1658,17.00014625
1659,17.77489965
1660,20.77055136
1661,15.31090899
1662,20.53130348
1663,19.92500499
1664,19.18106552
1665,39.30220198
1666,41.92787657
1667,25.67493767
1668,19.61998784
1669,22.07190605
1670,27.99328988
1671,15.4434368
1672,35.10622398
1673,33.78012318
1674,34.86977458
1675,48.69086925
1676,48.45249731
1677,47.44845058
1678,33.89315942
1679,28.59338721
1680,38.60008921
1681,47.08208117
1682,48.30691497
1683,47.55178123
1684,38.3656195
1685,30.21115091
1686,25.27380479
1687,22.41958456
1688,25.83574192
1689,24.96828049
1690,23.16670808
1691,33.78552981
1692,41.29859979
1693,40.86183323
1694,48.28405889
1695,45.64364456
1696,45.44957695
1697,21.46891734
1698,27.86256382
1699,20.64336108
1700,41.31376845
1701,45.18656237
1702,33.94830321
1703,16.39109904
1704,21.44773184
1705,19.92513823
1706,15.62758308
1707,14.55268362
1708,31.99030289
1709,41.25812264
1710,43.1857934
1711,47.78294205
1712,47.89588563
1713,38.95449379
1714,25.40492558
1715,18.6609785
1716,26.68908815
1717,27.84453368
1718,39.42267086
1719,36.56248575
1720,47.2282328
1721,46.22314256
1722,44.88730732
1723,22.79745054
1724,20.61353878
1725,22.37722117
1726,32.62997368
1727,39.85080674
1728,47.54073401
1729,24.42719258
1730,23.86593862
1731,17.61991204
1732,32.6091136
1733,47.62579615
1734,46.9390762
1735,47.41666814
1736,37.81732375
1737,26.16229598
1738,26.86883646
1739,22.48400714
1740,23.80635197
1741,16.25502806
1742,20.14846445
1743,34.15761519
1744,39.47699581
1745,37.61146915
1746,15.15622124
1747,26.03099672
1748,31.45999879
1749,40.74857996
1750,38.91874532
1751,48.08269597
1752,48.08269597
1753,23.81797709
1754,29.59541041
1755,25.72450126
1756,26.25885354
1757,40.49910143
1758,47.03482952
1759,47.83091467
1760,47.87109987
1761,46.81898204
1762,42.64055462
1763,18.3142826
1764,16.42509212
1765,19.57898038
1766,25.50658362
1767,47.87449611
1768,48.30791318
1769,47.3463012
1770,27.56128718
1771,25.64683963
1772,22.33868701
1773,47.66157144
1774,47.7058116
1775,47.69107608
1776,47.84550855
1777,46.40958113
1778,19.61484347
1779,23.42584192
1780,15.30973297
1781,18.73544656
1782,21.29268088
1783,33.34469127
1784,37.88378645
1785,48.16087739
1786,38.11134187
1787,24.91345662
1788,23.32656549
1789,15.49768077
1790,19.31824153
1791,23.60548049
1792,19.64005533
1793,20.06705119
1794,32.2907658
1795,34.37406479
1796,36.37945117
1797,49.00293342
1798,47.31527185
1799,46.59229005
1800,45.06298096
1801,35.0384533
1802,31.24890841
1803,29.32254258
1804,31.82859656
1805,30.55493598
1806,22.92787016
1807,32.46495392
1808,36.50586247
1809,47.22959955
1810,47.23477139
1811,46.61399668
1812,44.8120853
1813,41.7423802
1814,26.08145828
1815,18.68053433
1816,17.25421283
1817,14.4932734
1818,24.97915544
1819,40.83771902
1820,41.74930136
1821,47.73864621
1822,45.16204158
1823,17.66030849
1824,17.38480568
1825,19.91926999
1826,19.09560734
1827,19.34998781
1828,20.68400437
1829,42.4535372
1830,41.16350364
1831,48.73457404
1832,46.25427413
1833,41.33654556
1834,30.30622519
1835,17.69667984
1836,18.59584849
1837,18.27127648
1838,18.97097019
1839,20.28049753
1840,20.98701367
1841,33.87107993
1842,38.36201492
1843,43.56730835
1844,23.45839354
1845,17.58336901
1846,17.70183449
1847,14.13851976
1848,37.68859205
1849,48.28068247
1850,46.70654829
1851,42.46282365
1852,18.52793898
1853,19.54221483
1854,19.40151666
1855,20.91934666
1856,18.84459313
1857,36.09591655
1858,36.92821227
1859,48.42237408
1860,45.2154624
1861,23.77553434
1862,20.57084661
1863,26.10591629
1864,25.71026767
1865,47.82646322
1866,48.33069436
1867,45.89338617
1868,42.35458061
1869,40.78078856
1870,33.55269653
1871,29.10881047
1872,37.3137115
1873,36.64387323
1874,46.04874189
1875,46.21364723
1876,46.90486622
1877,42.23078752
1878,23.78573285
1879,16.86389648
1880,17.57037737
1881,47.77626907
1882,46.12423156
1883,46.53792495
1884,47.46227995
1885,21.87877772
1886,24.79174997
1887,22.25319159
1888,22.05670691
1889,18.98265386
1890,47.68104792
1891,19.962959
1892,27.22038214
1893,27.39021779
1894,21.18153008
1895,20.72013009
1896,48.4377015
1897,47.84300686
1898,19.28308604
1899,21.05902164
1900,16.93321825
1901,25.21076907
1902,35.97181008
1903,48.81288108
1904,44.51489276
1905,17.6794989
1906,19.23956218
1907,20.11744947
1908,23.75040474
1909,19.91676208
1910,22.33069618
1911,48.37378363
1912,48.25529835
1913,28.86776686
1914,29.64385185
1915,25.6954792
1916,22.89276353
1917,21.39554971
1918,27.71367859
1919,37.09359634
1920,39.08079209
1921,48.42410191
1922,38.78293672
1923,34.60763444
1924,29.18297791
1925,28.58345006
1926,32.82790673
1927,39.12645263
1928,37.28696185
1929,47.27759326
1930,32.23506795
1931,22.08488926
1932,23.71163758
1933,18.61365072
1934,17.40822229
1935,18.23388726
1936,39.33910248
1937,41.7439107
1938,42.17267242
1939,46.18177623
1940,46.11634244
1941,43.69115013
1942,32.83350723
1943,22.08488926
1944,23.77226139
1945,26.37899896
1946,18.6577754
1947,24.6187998
1948,39.2566327
1949,41.31383634
1950,47.8752652
1951,46.89816016
1952,40.24666321
1953,33.3523465
1954,20.16753865
1955,21.35556844
1956,22.95191878
1957,22.08608828
1958,19.28257917
1959,39.27436834
1960,46.42695954
1961,47.76853294
1962,47.8242894
1963,48.42056051
1964,39.66357507
1965,18.93129977
1966,15.75118071
1967,41.70203453
1968,41.8053429
1969,48.2671668
1970,38.97676815
1971,12.3017114
1972,25.75777262
1973,25.67972019
1974,17.98422689
1975,15.08165133
1976,28.63421572
1977,42.29364861
1978,46.77856398
1979,47.60562293
1980,46.16220599
1981,44.1605225
1982,27.75221262
1983,16.4070083
1984,19.87268513
1985,18.95615637
1986,17.28864196
1987,20.81129608
1988,41.08451181
1989,48.78581053
1990,48.41497687
1991,47.51029801
1992,47.62863335
1993,21.30475558
1994,20.26115811
1995,23.53538177
1996,20.69115429
1997,17.85501239
1998,47.40019403
1999,34.85518874
2000,22.96833186
2001,30.89159722
2002,21.48771228
2003,21.77299924
2004,29.05652961
2005,40.73438114
2006,39.8691964
2007,48.93433714
2008,17.80096152
2009,17.36929593
2010,22.67330594
2011,17.32161072
2012,21.71480084
2013,18.5587235
2014,29.9828267
2015,21.49535165
2016,23.64967982
2017,20.52667269
2018,38.23104941
2019,35.77183551
2020,37.73842487
2021,47.03627888
2022,46.89994208
2023,47.05148631
2024,18.26586313
2025,20.72430047
2026,20.87957471
2027,24.24676294
2028,19.13205638
2029,42.24656071
2030,35.93769635
2031,42.46099669
2032,47.58009711
2033,44.38123976
2034,34.26710647
2035,29.43717398
2036,21.19690043
2037,13.41471323
2038,15.62863083
2039,48.3620667
2040,48.52031456
2041,48.13564838
2042,23.27193409
2043,18.98147846
2044,17.17456278
2045,17.21178452
2046,34.49860386
2047,44.70135579
2048,40.59998488
2049,28.34296755
2050,20.92094504
2051,28.37663505
2052,42.75122647
2053,47.52006533
2054,46.50113021
2055,39.80238826
2056,18.92249214
2057,20.92315479
2058,21.97625053
2059,20.97677466
2060,20.97850305
2061,16.00200306
2062,19.06835932
2063,47.19800826
2064,47.11757102
2065,44.66474253
2066,17.54491854
2067,20.09413516
2068,19.35432563
2069,19.18316401
2070,13.99022448
2071,29.93401767
2072,41.91587783
2073,42.49518987
2074,47.32175834
2075,32.08587836
2076,16.02698856
2077,17.90313699
2078,19.39783297
2079,19.7464198
2080,17.92627934
2081,34.22787482
2082,48.28149763
2083,46.38379065
2084,43.17125084
2085,17.27235593
2086,21.45063739
2087,17.31094871
2088,17.18673678
2089,41.33086821
2090,38.59181434
2091,49.3404566
2092,47.51543561
2093,47.06222731
2094,40.20912992
2095,15.71111364
2096,23.41579719
2097,19.89324251
2098,16.93656225
2099,15.28939411
2100,11.07297857
2101,37.79838801
2102,48.97095866
2103,48.68166971
2104,47.2655544
2105,45.11682144
2106,30.54654867
2107,25.67897419
2108,23.87352743
2109,24.33214682
2110,23.52150511
2111,24.25473013
2112,20.74092268
2113,36.64948494
2114,47.2560329
2115,48.37252571
2116,46.90899423
2117,40.61026522
2118,35.79689838
2119,36.49083947
2120,25.26645773
2121,26.27691908
2122,28.66892405
2123,37.15352461
2124,32.58569836
2125,37.73162686
2126,48.08732784
2127,48.67013741
2128,47.19522371
2129,46.99823606
2130,40.24549475
2131,17.86300945
2132,20.4533979
2133,17.40775296
2134,17.95123498
2135,19.04164277
2136,18.13086241
2137,13.65750781
2138,48.04463243
2139,46.9281467
2140,18.14816874
2141,17.52588225
2142,42.70264184
2143,49.09018515
2144,47.46484711
2145,43.87539021
2146,21.23322532
2147,20.34963286
2148,19.17827964
2149,19.13791357
2150,24.07757914
2151,39.09314956
2152,40.9495025
2153,47.57470403
2154,47.00236832
2155,46.98990838
2156,19.43470313
2157,16.14117719
2158,15.78919584
2159,20.62301016
2160,18.43506021
2161,15.1289836
2162,33.20585023
2163,40.69521305
2164,47.54279672
2165,35.99507791
2166,23.56351548
2167,21.94101685
2168,18.55780409
2169,19.27621524
2170,16.122841
2171,16.96737216
2172,14.72873951
2173,13.17525066
2174,38.59435162
2175,35.65647423
2176,37.90669555
2177,48.36599482
2178,49.34227831
2179,48.90801858
2180,22.62736024
2181,22.11549586
2182,17.03057634
2183,17.97476707
2184,23.37285783
2185,29.22823834
2186,35.78841538
2187,31.46180434
2188,46.87436311
2189,47.39368469
2190,47.69765195
2191,48.67112851
2192,47.67771602
2193,41.78588163
2194,38.73347037
2195,34.80118973
2196,36.02136673
2197,35.44354181
2198,27.07936762
2199,23.60605034
2200,27.22798274
2201,30.47089351
2202,46.00492997
2203,46.40359589
2204,46.26540715
2205,23.29803525
2206,14.00196008
2207,17.15753311
2208,40.63663784
2209,42.71446997
2210,45.98986801
2211,34.73962005
2212,25.07527179
2213,21.29206794
2214,18.76159194
2215,13.99383514
2216,12.1682859
2217,23.2894374
2218,41.47346129
2219,47.25948164
2220,46.99689822
2221,46.54548929
2222,46.03717187
2223,38.38204416
2224,21.43747953
2225,20.73134763
2226,22.0992011
2227,20.231204
2228,12.32172194
2229,12.30046565
2230,29.07695808
2231,42.13808861
2232,45.51143876
2233,45.51143876
2234,48.18569333
2235,47.0135543
2236,41.96373388
2237,19.19711408
2238,17.76411527
2239,25.49440387
2240,15.08258479
2241,21.27763259
2242,32.29537914
2243,46.69788337
2244,48.87771372
2245,48.52695562
2246,48.0600975
2247,47.43507831
2248,42.55052521
2249,25.53937298
2250,19.77049775
2251,17.85814032
2252,19.91050149
2253,23.96413549
2254,23.33758658
2255,19.1612794
2256,13.71824365
2257,23.84263091
2258,33.72741448
2259,30.63121371
2260,47.55545245
2261,45.90294182
2262,46.77142817
2263,27.21422937
2264,22.17351665
2265,18.82816653
2266,39.29204944
2267,47.52118544
2268,46.30226865
2269,30.11290409
2270,22.64899471
2271,25.15453918
2272,18.58072141
2273,20.2473014
2274,31.0878371
2275,37.2078615
2276,39.88198184
2277,40.59648419
2278,47.0182533
2279,47.91830876
2280,48.02072911
2281,47.30323674
2282,31.07018722
2283,24.22025496
2284,30.89856198
2285,31.01216257
2286,28.1788129
2287,22.06387749
2288,25.81968913
2289,42.62463034
2290,46.87046175
2291,26.94333308
2292,13.8818923
2293,17.17340093
2294,22.69630549
2295,18.68089001
2296,15.98592185
2297,39.75300787
2298,38.29979431
2299,47.93413941
2300,47.3864834
2301,25.96676609
2302,20.85160109
2303,21.47495923
2304,21.44000538
2305,19.36260111
2306,14.06535084
2307,39.06402342
2308,41.69161773
2309,47.04151953
2310,44.29217199
2311,44.91188254
2312,47.00437166
2313,45.39730733
2314,37.03465131
2315,48.33476944
2316,48.9533569
2317,46.83631849
2318,34.88243667
2319,26.0171317
2320,32.61499812
2321,28.40599218
2322,16.13004958
2323,18.11739952
2324,32.45760414
2325,40.85465365
2326,47.74846633
2327,47.24580588
2328,47.75860394
2329,46.84029242
2330,46.56730557
2331,34.23235906
2332,22.16357182
2333,24.56293987
2334,23.62271263
2335,31.53699509
2336,31.26028013
2337,36.8268397
2338,40.29392669
2339,40.82057744
2340,46.50671568
2341,28.29897199
2342,26.292454
2343,22.35823888
2344,21.86473504
2345,36.34999913
2346,46.30438506
2347,45.92708853
2348,22.98614629
2349,23.02514262
2350,31.31827083
2351,12.78864084
2352,20.18795651
2353,41.81977007
2354,47.29103658
2355,48.49628462
2356,48.19136152
2357,44.95479452
2358,14.31246408
2359,20.97860947
2360,19.97074497
2361,16.29759457
2362,17.35742615
2363,15.63686002
2364,13.82311957
2365,32.50464182
2366,47.26143111
2367,47.65029584
2368,46.98640062
2369,45.46009745
2370,21.93760712
2371,13.19051357
2372,34.40349622
2373,41.28185376
2374,47.55172864
2375,47.89064627
2376,22.28858507
2377,18.98951976
2378,25.15543113
2379,20.74619339
2380,12.80682187
2381,31.92490977
2382,37.21624031
2383,48.20159014
2384,47.40344539
2385,40.31155488
2386,15.8133624
2387,19.31166524
2388,21.24604342
2389,35.37734508
2390,48.76388017
2391,47.99663171
2392,48.92022963
2393,28.97245262
2394,21.13876987
2395,18.47135436
2396,18.83377565
2397,20.72270658
2398,47.39384315
2399,48.01511636
2400,48.43575983
2401,30.54061473
2402,23.39559246
2403,21.82176191
2404,22.77337164
2405,31.12051068
2406,38.1816735
2407,40.39724249
2408,39.86912637
2409,47.32524896
2410,46.85870327
2411,30.59519466
2412,16.98178486
2413,23.80446731
2414,21.33753181
2415,19.76779883
2416,16.09316525
2417,42.83677086
2418,47.85173809
2419,46.48742089
2420,23.15404343
2421,16.27250737
2422,47.21186811
2423,45.47580274
2424,15.46385826
2425,15.70709588
2426,19.23959091
2427,19.11970114
2428,19.19262726
2429,17.53189041
2430,15.03677604
2431,9.360566745
2432,32.52608512
2433,48.11763075
2434,47.64509922
2435,24.48464607
2436,16.51199633
2437,20.47251213
2438,21.96310878
2439,16.16106593
2440,13.88323971
2441,33.29748372
2442,48.25235476
2443,48.70280735
2444,47.75747195
2445,40.78805427
2446,17.80204756
2447,20.89282601
2448,20.61552259
2449,16.31394389
2450,17.83872115
2451,17.49088445
2452,48.31385045
2453,31.96668271
2454,21.34254689
2455,28.6634748
2456,11.69455966
2457,32.01995896
2458,29.89023142
2459,47.50746637
2460,46.18358657
2461,33.64269197
2462,33.5810336
2463,29.2892849
2464,21.99404721
2465,21.60212804
2466,32.68887818
2467,40.18213886
2468,39.02075
2469,47.15398024
2470,47.64220501
2471,47.46323138
2472,45.74831695
2473,37.37645821
2474,26.24191858
2475,22.05574608
2476,24.4071597
2477,22.05241397
2478,15.97859427
2479,10.71848158
2480,14.87097436
2481,38.96372909
2482,43.71201825
2483,46.87616535
2484,46.6575692
2485,46.30468898
2486,45.42182253
2487,21.64918095
2488,22.32505262
2489,25.07274445
2490,21.87201406
2491,21.55703337
2492,14.25765641
2493,13.41015822
2494,43.82922924
2495,42.7226668
2496,47.52886295
2497,46.97661869
2498,47.07726382
2499,46.81331326
2500,35.24381078
2501,24.30286651
2502,16.4276323
2503,13.73209001
2504,14.28588703
2505,19.70846764
2506,40.54919923
2507,47.8919481
2508,48.09114738
2509,47.432396
2510,40.93374589
2511,18.45382669
2512,19.64200435
2513,18.77857881
2514,14.80898947
2515,17.74597195
2516,15.1943886
2517,37.33798816
2518,37.64211647
2519,17.21735143
2520,18.5061638
2521,21.13035068
2522,22.31365611
2523,12.5929689
2524,18.66644168
2525,20.55079132
2526,37.95550598
2527,42.2928854
2528,45.96770022
2529,46.79265259
2530,47.93873501
2531,22.1782876
2532,22.14701362
2533,16.87653708
2534,24.1985797
2535,32.20224006
2536,47.98433447
2537,47.32037908
2538,46.84937156
2539,38.86068719
2540,28.71656795
2541,19.42609378
2542,32.22573759
2543,39.87171307
2544,47.8874616
2545,48.84935741
2546,47.17107354
2547,45.98046123
2548,31.98624827
2549,30.04018195
2550,26.53581489
2551,25.09932627
2552,18.74212431
2553,32.85187507
2554,40.86689765
2555,41.92907589
2556,47.24147103
2557,48.22487285
2558,47.86783994
2559,47.23881431
2560,41.34518894
2561,26.45475556
2562,24.55675886
2563,26.53639844
2564,27.94286715
2565,25.79999189
2566,14.69714706
2567,39.6718926
2568,47.90697037
2569,41.84509029
2570,18.74987154
2571,24.89248677
2572,19.50774497
2573,15.55917434
2574,14.71671872
2575,48.30819201
2576,28.88402221
2577,27.69702897
2578,18.18818755
2579,37.53649112
2580,36.94849473
2581,46.99245832
2582,47.6709208
2583,47.40500851
2584,47.65515657
2585,40.8117112
2586,23.06107888
2587,30.24689203
2588,26.0048499
2589,29.55820961
2590,29.45430266
2591,38.15796154
2592,37.99088815
2593,47.38033956
2594,47.06787958
2595,45.54774703
2596,21.12419991
2597,20.72834791
2598,22.23634106
2599,19.84138277
2600,20.3620202
2601,16.49894009
2602,15.3560265
2603,41.26981525
2604,47.916035
2605,47.78777627
2606,45.70357286
2607,28.78594758
2608,32.61499812
2609,25.42026548
2610,15.67668154
2611,18.94445662
2612,23.377362
2613,36.06833478
2614,39.58382623
2615,41.08400252
2616,46.43721596
2617,41.55634759
2618,29.08195933
2619,24.51680105
2620,23.55500468
2621,26.38104942
2622,28.18053977
2623,29.65596737
2624,21.27075274
2625,22.10960113
2626,38.13546435
2627,47.46001511
2628,47.5010929
2629,47.27427661
2630,28.46010913
2631,21.49568698
2632,18.41685364
2633,15.40800908
2634,13.70256022
2635,38.14581143
2636,38.26679466
2637,37.95308676
2638,39.58774996
2639,47.72665442
2640,47.80062536
2641,47.38736982
2642,31.56868251
2643,15.53189715
2644,15.66204271
2645,16.56926332
2646,17.23887017
2647,13.92238098
2648,12.54288144
2649,41.61938837
2650,48.9540529
2651,48.57505443
2652,47.91802831
2653,47.7729773
2654,29.15523179
2655,17.11526626
2656,26.17975802
2657,22.66655528
2658,29.0231241
2659,39.07559944
2660,39.80914356
2661,47.70179764
2662,48.03996408
2663,47.76746622
2664,46.21517872
2665,41.13756495
2666,30.30156288
2667,29.9445532
2668,29.46220605
2669,28.04223251
2670,29.08333764
2671,40.76289263
2672,42.60027451
2673,22.71816999
2674,14.01308499
2675,16.33827116
2676,24.04581432
2677,39.09499096
2678,38.38705775
2679,47.06247833
2680,47.36140506
2681,46.28517645
2682,40.27630141
2683,34.2534081
2684,23.59188093
2685,28.25022274
2686,46.70641906
2687,47.48554963
2688,45.65078878
2689,34.70872992
2690,28.90214226
2691,18.60490399
2692,16.54086833
2693,16.72753128
2694,36.33989011
2695,38.44090853
2696,38.22149789
2697,46.75608135
2698,47.4465076
2699,46.11887882
2700,20.10270105
2701,19.76699255
2702,18.3908975
2703,17.73002448
2704,39.15037863
2705,39.15625307
2706,47.94192162
2707,43.4249108
2708,19.66121658
2709,18.01793841
2710,17.55387539
2711,19.77101691
2712,18.67247531
2713,18.36553257
2714,11.70405772
2715,43.92618579
2716,48.76968288
2717,47.01570698
2718,30.29188566
2719,20.21800657
2720,21.63995645
2721,21.25264063
2722,18.91538708
2723,16.53001512
2724,10.87775572
2725,18.60422648
2726,40.17145347
2727,48.38813209
2728,47.63308355
2729,41.97540005
2730,22.61258461
2731,18.0308816
2732,11.50515959
2733,19.1247138
2734,39.50071181
2735,47.92192069
2736,49.04048384
2737,48.79093828
2738,49.12006426
2739,47.77126218
2740,37.26137796
2741,21.67182673
2742,20.9758567
2743,21.55289243
2744,22.49566439
2745,16.24355197
2746,17.01597192
2747,40.28778258
2748,48.04717815
2749,48.76894641
2750,47.58233187
2751,44.7277584
2752,36.035637
2753,27.46642418
2754,27.75622413
2755,26.58951058
2756,30.72528334
2757,47.93762145
2758,47.83547921
2759,47.44552173
2760,16.67510302
2761,18.50512756
2762,16.60513167
2763,11.22714126
2764,24.01731546
2765,42.94983352
2766,42.64135289
2767,49.13268684
2768,48.35478968
2769,47.84934162
2770,42.19065991
2771,19.77584043
2772,17.63743536
2773,21.31474012
2774,16.90397094
2775,16.32776137
2776,36.09646649
2777,41.66401577
2778,41.63666337
2779,48.95610024
2780,48.73086366
2781,49.05350586
2782,48.1103929
2783,45.49909533
2784,25.208903
2785,16.33752481
2786,18.53238822
2787,19.16273405
2788,12.10620151
2789,7.954661249
2790,15.75710167
2791,41.82595452
2792,42.17132103
2793,41.20608094
2794,40.98932662
2795,48.66549274
2796,46.84825214
2797,15.10843558
2798,18.18820168
2799,18.87779791
2800,16.98831852
2801,18.22775362
2802,17.46173279
2803,15.58355257
2804,23.09635824
2805,39.77405257
2806,47.92142713
2807,48.14438631
2808,48.10241472
2809,31.31618227
2810,17.11444032
2811,18.70750162
2812,18.62763884
2813,18.75227335
2814,14.39292197
2815,40.69084461
2816,35.82221471
2817,46.5121524
2818,29.33924868
2819,28.46516762
2820,25.6361408
2821,21.93391777
2822,24.96192542
2823,40.66093804
2824,39.9971672
2825,46.88284153
2826,47.74437322
2827,48.88801519
2828,48.01910671
2829,43.19108678
2830,36.95300534
2831,29.49587826
2832,31.2534344
2833,35.20463654
2834,33.03253596
2835,35.11209743
2836,38.18107858
2837,48.43905982
2838,46.62042409
2839,20.31751158
2840,17.2899115
2841,18.74034223
2842,16.35212059
2843,16.51114582
2844,16.06099479
2845,13.36251357
2846,32.64602997
2847,42.33225824
2848,48.3589357
2849,47.96532989
2850,48.45288297
2851,47.69445002
2852,47.11345088
2853,41.35643795
2854,16.19921695
2855,15.45291475
2856,41.63742969
2857,39.65290995
2858,40.39747357
2859,48.58443093
2860,36.46981086
2861,25.45942338
2862,19.24371669
2863,20.48892143
2864,16.24880136
2865,11.19733115
2866,22.65616617
2867,34.00375091
2868,37.68714442
2869,38.87692862
2870,24.81851261
2871,22.79750586
2872,19.05236151
2873,17.39206504
2874,12.99934192
2875,43.01384182
2876,47.57782638
2877,47.18299507
2878,47.66761693
2879,47.63156009
2880,37.19189188
2881,22.59003988
2882,21.24166557
2883,18.07735556
2884,16.48087715
2885,19.23481355
2886,13.89236088
2887,41.14266518
2888,39.9456646
2889,47.31237941
2890,47.60672874
2891,45.26259877
2892,33.02433821
2893,19.69969699
2894,24.7934163
2895,24.1347677
2896,17.14613172
2897,27.95993136
2898,20.95064977
2899,34.32429698
2900,43.10362802
2901,47.45935404
2902,48.39521765
2903,24.46032407
2904,20.88137437
2905,25.67382944
2906,22.42310075
2907,16.50676778
2908,24.6038202
2909,39.8023526
2910,35.43027982
2911,47.83208775
2912,46.35609938
2913,32.28502881
2914,19.42589307
2915,31.58936013
2916,30.88853472
2917,23.40752376
2918,33.81458613
2919,39.61961154
2920,47.49935761
2921,47.45088611
2922,47.00021996
2923,20.8977248
2924,26.47594172
2925,18.53709601
2926,15.53872578
2927,11.00420505
2928,19.59800431
2929,40.03981762
2930,48.04619066
2931,48.22667935
2932,26.744893
2933,23.07769126
2934,23.64566362
2935,15.47030741
2936,15.20526165
2937,22.55739873
2938,42.014612
2939,41.91982984
2940,48.650174
2941,48.12712635
2942,46.28537285
2943,16.5101504
2944,24.52746758
2945,25.67928247
2946,12.38610578
2947,24.64624327
2948,42.13281966
2949,36.33983025
2950,42.08154147
2951,47.30624994
2952,46.55171668
2953,33.80849376
2954,23.21731967
2955,20.28588714
2956,22.46855138
2957,25.13436895
2958,18.17482447
2959,31.68670772
2960,38.23638025
2961,38.22737098
2962,47.81158438
2963,48.42167089
2964,34.01488224
2965,27.72483521
2966,21.93123754
2967,21.26376587
2968,20.91324492
2969,14.72969958
2970,21.66180046
2971,23.98182444
2972,48.39200728
2973,48.09797772
2974,48.13286051
2975,30.70097636
2976,26.21027526
2977,23.74983357
2978,37.644628
2979,28.32988174
2980,29.17226398
2981,26.06314404
2982,22.31210177
2983,21.56818225
2984,16.34034936
2985,41.52590343
2986,47.64258814
2987,48.58975923
2988,47.68234578
2989,40.89853009
2990,17.97622391
2991,19.16415393
2992,22.37032866
2993,21.04178646
2994,14.91275005
2995,11.482681
2996,16.33904477
2997,40.70039492
2998,41.80613643
2999,48.46368718
3000,47.66003477
3001,47.1626246
3002,20.97509242
3003,17.44359236
3004,15.20099844
3005,13.48549237
3006,41.79030008
3007,42.2820116
3008,47.92912768
3009,40.74458805
3010,21.62026953
3011,18.69328835
3012,26.48167886
3013,37.79965284
3014,41.51154505
3015,41.4963972
3016,48.59931981
3017,26.24723894
3018,21.57258642
3019,18.88920617
3020,14.06752053
3021,12.08964011
3022,32.42871023
3023,35.5171903
3024,48.55906551
3025,30.45623348
3026,24.67073648
3027,23.62985516
3028,15.81743677
3029,19.88739865
3030,18.71252604
3031,35.98353176
3032,45.8683158
3033,46.4090106
3034,47.35983054
3035,47.76721492
3036,40.65620797
3037,33.26868574
3038,31.9946418
3039,33.83788953
3040,31.83356155
3041,35.16170261
3042,26.89697581
3043,39.17476916
3044,39.42063827
3045,37.0757572
3046,47.9454785
3047,48.04412847
3048,41.18275222
3049,16.43451
3050,21.67158094
3051,19.77660366
3052,16.91684864
3053,15.46565652
3054,14.83281923
3055,13.05245937
3056,41.85978135
3057,47.36451444
3058,48.15423384
3059,48.09471407
3060,48.5033489
3061,16.85572589
3062,24.4949132
3063,18.75179886
3064,14.82500768
3065,14.81689549
3066,12.21428572
3067,14.1843304
3068,39.51195172
3069,40.13851622
3070,48.83271817
3071,48.11274601
3072,48.24478798
3073,47.38743584
3074,25.19143694
3075,20.66015895
3076,22.64741642
3077,18.97512238
3078,15.07641898
3079,15.38043327
3080,9.907806869
3081,31.98943266
3082,41.19372337
3083,42.62779136
3084,48.79188617
3085,47.58960235
3086,47.616163
3087,29.61817068
3088,15.02805137
3089,18.46653606
3090,20.35888509
3091,15.35406164
3092,16.06377621
3093,13.8142565
3094,35.78618495
3095,40.1788485
3096,48.99902112
3097,47.16719194
3098,29.44051333
3099,20.21364443
3100,21.79323552
3101,16.71687515
3102,15.51344777
3103,18.23827107
3104,8.894515248
3105,36.38194213
3106,36.14939002
3107,47.2385037
3108,47.97872525
3109,44.74525269
3110,22.77697016
3111,24.39936005
3112,21.70364833
3113,20.86781827
3114,24.2655676
3115,35.68718512
3116,47.71927302
3117,48.62323
3118,43.03492674
3119,30.461046
3120,27.49568747
3121,33.42365546
3122,37.99244455
3123,33.40951482
3124,28.8373613
3125,30.7563478
3126,41.38324177
3127,36.81248052
3128,37.83029246
3129,48.1281414
3130,49.17841784
3131,47.17584757
3132,47.95287393
3133,38.29418584
3134,19.71649784
3135,26.10202793
3136,26.99551963
3137,23.61931481
3138,16.08845469
3139,18.26925575
3140,47.46900076
3141,24.25078642
3142,17.46606174
3143,17.78736754
3144,16.47293728
3145,13.66681623
3146,48.21805876
3147,48.02152983
3148,45.92078049
3149,40.31820681
3150,17.2824726
3151,12.55342749
3152,30.39256548
3153,42.59117817
3154,47.84874166
3155,47.09779847
3156,18.61462621
3157,19.21921899
3158,18.41776552
3159,17.66387354
3160,13.84855482
3161,48.695594
3162,45.51408711
3163,41.04954222
3164,26.0719669
3165,19.89990136
3166,21.52739011
3167,19.02512241
3168,19.7551116
3169,16.26939459
3170,20.57333676
3171,40.07898621
3172,49.24377358
3173,48.9591685
3174,46.96032386
3175,21.3973586
3176,16.4002501
3177,22.65753628
3178,21.58573989
3179,18.0736263
3180,12.87738792
3181,10.68355151
3182,14.76599605
3183,36.27494383
3184,35.64367948
3185,34.10057734
3186,47.60500413
3187,47.71809546
3188,47.12258613
3189,46.25775648
3190,45.55431325
3191,21.99278311
3192,23.27053313
3193,25.36341609
3194,24.44380861
3195,24.9871936
3196,43.41615416
3197,47.91120144
3198,48.18731175
3199,46.82742969
3200,46.9435219
3201,42.27427071
3202,29.71210355
3203,21.47795893
3204,28.65019539
3205,25.56394701
3206,25.8746222
3207,35.14509598
3208,43.104345
3209,41.05088047
3210,47.10093675
3211,47.70779101
3212,47.93000853
3213,47.54628968
3214,41.13879947
3215,22.58337447
3216,25.04913177
3217,13.44914512
3218,34.54569229
3219,38.42720544
3220,39.20632719
3221,48.1755164
3222,47.57997123
3223,48.40545527
3224,21.11654504
3225,25.01070275
3226,18.28311247
3227,14.76538836
3228,34.31279258
3229,39.31125121
3230,37.13109053
3231,47.33799101
3232,46.64101574
3233,46.69314105
3234,46.72592435
3235,19.77142316
3236,18.71340186
3237,20.07100115
3238,19.22727024
3239,13.79097349
3240,27.3584625
3241,40.53857586
3242,48.7257421
3243,48.21702048
3244,33.45175078
3245,18.33608751
3246,14.47068786
3247,19.67516667
3248,19.49159235
3249,18.55284859
3250,14.70558631
3251,13.63979466
3252,19.45997669
3253,39.04603235
3254,38.23253606
3255,40.59893113
3256,48.60345861
3257,47.6590034
3258,27.4487691
3259,29.58082024
3260,22.06421056
3261,25.98578254
3262,37.62516037
3263,36.45319128
3264,34.88592774
3265,46.8559651
3266,47.51495604
3267,20.58825912
3268,23.93257582
3269,22.35454712
3270,29.0325959
3271,37.04398208
3272,37.55180181
3273,48.57523077
3274,46.46271987
3275,22.53558709
3276,23.79172099
3277,22.38627954
3278,19.92623968
3279,28.97890115
3280,35.70864186
3281,46.55540098
3282,48.54637973
3283,46.90646433
3284,27.54881875
3285,25.5623311
3286,18.57853209
3287,17.80068827
3288,18.81416509
3289,18.41803071
3290,18.76677512
3291,17.27090992
3292,35.02549476
3293,38.99167377
3294,40.64146555
3295,43.03876979
3296,48.11704168
3297,47.87043856
3298,41.45301809
3299,18.41426851
3300,17.88287665
3301,15.87435433
3302,48.54809319
3303,47.51128312
3304,47.26360994
3305,46.80374971
3306,30.62571308
3307,19.72951711
3308,20.21284628
3309,14.3656583
3310,13.87564853
3311,11.89323761
3312,20.522867
3313,37.01279324
3314,48.95755106
3315,48.99254319
3316,47.17529718
3317,45.06569717
3318,30.76317713
3319,20.4253117
3320,21.10103954
3321,21.58652204
3322,21.39837834
3323,18.1786651
3324,14.35663642
3325,12.14494922
3326,15.11528341
3327,21.66456817
3328,35.65742825
3329,35.21732473
3330,48.72279176
3331,46.69913673
3332,25.6797768
3333,22.54571468
3334,47.57385784
3335,48.54424042
3336,47.4123526
3337,46.38746858
3338,40.7293321
3339,30.10893157
3340,27.28926709
3341,26.09315685
3342,27.79676573
3343,32.99497631
3344,31.83261046
3345,33.28153803
3346,47.11047782
3347,47.20859265
3348,46.16774438
3349,46.16774438
3350,23.02915694
3351,14.81336309
3352,18.61055604
3353,14.84084487
3354,13.42139628
3355,18.65254931
3356,29.8160653
3357,39.51143063
3358,47.15393498
3359,47.5626437
3360,22.72148154
3361,21.09646855
3362,23.64939968
3363,17.06626131
3364,12.97772219
3365,18.20652748
3366,37.73062136
3367,48.68570277
3368,46.24637031
3369,19.46591072
3370,15.72525667
3371,36.56986227
3372,36.78353967
3373,47.08237996
3374,48.15620772
3375,47.69322081
3376,48.24767243
3377,36.05699876
3378,14.36581348
3379,15.91547767
3380,22.75514082
3381,19.88150262
3382,17.08244978
3383,16.66805893
3384,8.147017487
3385,17.3847265
3386,31.04109635
3387,47.78998683
3388,30.40368508
3389,21.98906883
3390,12.73506295
3391,24.0886638
3392,30.29983943
3393,48.73125989
3394,48.90621453
3395,48.21579683
3396,44.19966432
3397,18.85485224
3398,24.40844554
3399,16.76784213
3400,23.50081061
3401,23.36828006
3402,19.84586911
3403,16.98607737
3404,32.14292943
3405,46.05486051
3406,48.37868917
3407,49.11047386
3408,47.90951071
3409,45.99829332
3410,40.37327617
3411,29.58207412
3412,30.959598
3413,35.92603295
3414,33.54832269
3415,48.66774428
3416,44.82579526
3417,30.96227174
3418,31.2664035
3419,25.2945235
3420,24.23800414
3421,21.26148586
3422,24.97918677
3423,37.73410494
3424,48.97660116
3425,48.07224182
3426,48.19363416
3427,45.60277747
3428,33.31991162
3429,33.81931118
3430,27.77984289
3431,25.3901388
3432,25.42780707
3433,21.16789225
3434,29.10448827
3435,31.75148101
3436,40.07963193
3437,48.5719509
3438,49.04388039
3439,48.83368366
3440,47.74883932
3441,27.12058415
3442,25.05002845
3443,25.31363349
3444,22.23260381
3445,22.09212716
3446,33.73826854
3447,39.8707386
3448,47.94392208
3449,48.48868341
3450,49.03348983
3451,47.90450454
3452,45.8751971
3453,36.39894078
3454,24.11335068
3455,22.16659168
3456,21.89008982
3457,21.19080866
3458,13.02140973
3459,44.84313092
3460,48.30436872
3461,47.57276266
3462,47.81914159
3463,46.8573331
3464,27.12283071
3465,20.78552335
3466,24.36590445
3467,20.02461679
3468,16.44905311
3469,42.35783836
3470,48.38205422
3471,43.30862106
3472,34.19619005
3473,33.59369725
3474,21.6439933
3475,20.73578231
3476,33.00571067
3477,42.65599304
3478,38.86698891
3479,47.69420223
3480,47.54591612
3481,47.52004587
3482,48.07294216
3483,48.16189519
3484,48.72898936
3485,44.08526443
3486,40.53132763
3487,31.12738674
3488,29.04276692
3489,29.08212909
3490,36.23102368
3491,42.53712038
3492,38.66964691
3493,48.37263836
3494,45.66509366
3495,33.79746051
3496,22.6164435
3497,17.33752263
3498,16.23433887
3499,12.82033534
3500,20.29985413
3501,40.54224244
3502,41.44487221
3503,40.39747357
